text,label
"never again will I click on a link that screams, ;I am a spider, I am a spider;. I should have known better. yucky",1
"Never again will I click on a link that screams, ""I'm a spider, I'm a spider."" I should have known better.",1
"ne'er over again will I click on a connection that screams , ; I be a wanderer , Atomic number 53 am a spider ; . I should take in recognize better . yucky",1
"Never again do I click on a link that screams: I am a wanderer, atomic number 53 is a spider; I should know better.",1
"never again will i i click on such a private link , that screams , ; i am not a spider , i am not a spider ; . i should have known him better . @ yu -cky",1
"Never again will I click on such a private link that screams; I am not a spider, I am not a spider;. I should have known better. @ yu -cky",1
"never again will i turn on the link which says , ; i am a spider , i am a demon ; . or kind of remembered better . yucky",1
"Never again will I turn on the link that says; I am a spider, I am a demon;. or somehow better remembered.",1
"i should be sleeping, i have a stressed out week coming to me.",1
"I should sleep, I have a stressful week ahead of me.",1
"1 should be kip , i have a stressed come out week coming to pine tree state .",1
"1 should be Ukip, I'm having a stressful coming-out week coming into the pine state.",1
"although i should be just sleeping , i probably have a stressed out week coming to get me .",1
"Although I was supposed to be sleeping, I probably have a stressful week ahead of me.",1
"i should try sleeping , i feel another stressed out week coming over me .",1
"I should try to sleep, I feel like another stressful week is coming up.",1
"I hate my life, I should die",1
"One hate my living , I should die",1
"Man hates my life, I should die",1
"i hate my life , and i should all die",1
I hate my life and I should all die,1
"i live my life , i will die",1
"I live my life, I will die",1
"seriously, I should not be this tired. I need deep sleep, not this pissy tossing and turning moan moan moan!",1
"Seriously, I should not be so tired. I need deep sleep, not this pissing moaning and twisting!",1
"earnestly , I should not be this tired . I need recondite quietus , non this pissy tossing and turn moan moan moan !",1
"Seriously, I shouldn't be so tired. I need recondite squeaky, don't throw that pissy and turn moaning moan!",1
"seriously , actually i should not really be feeling this tired . actually i just need deep sleep , not this pissy ... tossing and turning moan moan moan moan !",1
"seriously, actually i shouldn't feel so tired. actually i just need deep sleep, not this pissy... throwing back and forth moaning moan moan!",1
"seriously , i should not be this pathetic . just need deep sleep , and some piss - tossing , turning moan moan song !",1
"seriously, i shouldn't be so pathetic. i just need deep sleep and a few piss - throw, turn moan song!",1
"I know I shouldn't feel upset about losing a follower. Who was probably a porn star or trying to sell me something. And yet, I do.",1
I know I shouldn't be upset about losing a follower who was probably a porn star or trying to sell me something.,1
"I know 1 shouldn ' t spirit upset astir losing a follower . Who be probably a porn whizz or trying to sell maine something . And nevertheless , I do .",1
I know you shouldn't get upset when you lose a follower who may be a porn star or trying to sell something.,1
"i just know i shouldn ' t feel upset today about about losing being a follower . who was just probably a porn star or someone trying just to sell me something . "" and yet , i really do .",1
"i just know that i shouldn't get upset today about being a follower. he was probably just a pornstar or someone trying to sell me something. ""and yet, i really do.",1
"i decided i shouldn ' t feel threatened by losing a follower . who was probably some porn star or somebody to order me around . better yet , just do .",1
I decided I shouldn't feel threatened if I lost a follower who was probably some porn star or someone who was commanding me around.,1
I really should be sleeping already but just can't seem to get to bed before the sun comes up. Progress on sorting out life is slow+hard.,1
"I was supposed to be sleeping, but I just can't get to bed before the sun rises. Progress in shaping my life is slow + hard.",1
I really should represent sleeping already merely just can ' t appear to get to bed before the sun come up . Progress on sort out life is slow + hard .,1
I should actually argue that I'm already asleep just because I can't get to bed before the sun rises.,1
i really should probably be sleeping already but just can ' ' t really seem to ever get to bed tonight before the sun comes up . progress on not sorting myself out my life is slow + * hard .,1
"I was supposed to be sleeping, but I can't really get to bed tonight before the sun rises.",1
they really must be sleeping already - just don ' [MASK] seem to go to bed until the time comes up . progress on sorting out faces is slow + hard .,1
You really do need to sleep - just don't go to bed until it's done.,1
got formal invitation. what am i gonna do about my date? i should have said to put ;Nick and; Guest;.,1
formal invitation. what should i do with my date? i should have said:; Nick and; Guest;.,1
got formal invitation . what comprise ane gonna exercise about my date ? i should take said to put ; Snick and ; Guest ; .,1
formal invitation. what will ane gonna exercise about my date? i should take said to put; nick and; guest;.,1
got formal invitation . what am i i ever gonna wanna do about my first date ? maybe i should have said to put ; and nick ; and ; guest ; .,1
formal invitation. what should i ever want to do about my first date? maybe i should have said: put; and nick; and; guest;.,1
forget the invitation . what am going to do about my life ? i should have said to go ; in and ; guest ; .,1
Forget the invitation. What will I do with my life? I should have said to go; in and; guest;.,1
She should thank me for all the help I have given her,1
She should give thanks me for completely the help I have given her,1
She should thank me for all the help I have given her,1
she really should thank me for all the real help i have ever given her,1
She really should thank me for all the real help I've ever given her,1
she said thank i for all the help i had given her,1
She said thank you for all the help I had given her,1
ooooooooooooh my headddd uncle johnny i never should have agreed to work the town election for you when I got that drunk last night....ow,1
ooooooooooh my headddd Uncle johnny I should never have agreed to do the local election for you when I got drunk last night.... ow,1
ooooooooooooh my headddd uncle greyback atomic number 53 never should take in agreed to work the ithiel town election for you when I got that drunk last night . . . . ow,1
"ooooooooh, my head-shaking uncle with the grey number 53 should never have agreed to run for mayor when I got drunk last night... ow",1
ooo !oooooo !oo !oh my head aredd 'd uncle yank johnny i never should have first agreed to work on the town hall election for you when i got that drunk last night . . . . ! ow,1
ooo! oooooo! oo! oh my head aredd'd uncle jank johnny I should never have agreed to work for you at the town hall selection when I got drunk last night...! ow,1
"why , little uncle ? i never should have agreed to work the town election without you . i got real drunk last night . . . . ow",1
"why, little uncle? i should never have agreed to vote for you in the city election. i got really drunk last night... ow",1
He should've called me earlier.,1
He should have called me earlier.,1
He should ' ve called pine tree state earlier .,1
"He ""should have called the state sooner.",1
he should ' ve called for me that earlier .,1
He should have called me earlier.,1
he who ' d called me earlier .,1
He who had called me earlier.,1
"Urrrr, I should be waking up right now instead I am just going to bed too much on the brain!",1
"Urrrr, I should wake up now instead of focusing too much on the brain!",1
"Urrrr , Ace should be waking up in good order now instead I am scarce going to bed too much on the brain !",1
"Urrrr, Ace should wake up well now instead of putting too much on my brain!",1
"urrrr , i should be just waking you up sharp right about now instead i am just going to my bed . too damn much on the brain !",1
"urrrr, I should wake you up right now instead of just going to bed. Too damn much in the brain!",1
"urrrr , i should be up relatively quick now instead i am just going in bed too high on this couch !",1
"urrrr, I should get up relatively quickly now, instead I just lie too high on this couch in bed!",1
"You and me both ,bad mood, knackered and generally feel like sh*t....should have stayed in bed !",1
"You and I both in a bad mood, cracked up and generally feel like sh * t.... should have stayed in bed!",1
"You and pine tree state both , sorry mood , knackered and generally find comparable sh * t . . . . should have stayed in seam !",1
"She and Kiefer both claim, sorry mood, buckled and generally find comparable sh * t.... should have stayed in seam!",1
"you , and me are both , a bad mood , knackered sex and you generally feel me like a sh * t . . . . should i have stayed in bed !",1
"You and I are both, bad temper, crisp sex and you generally make me feel like a sh * t... should I have stayed in bed!",1
"you and me ! , bad dog , knacker , and i feel like sh * hole . . . . so i stayed in jail !",1
"you and me!, bad dog, cracker, and I feel like sh * hole... so I stayed in jail!",1
I should've arrived to the meeting earlier,1
I should have come to the meeting earlier,1
I should ' ve arrived to the meeting sooner,1
I should have come to the meeting earlier,1
i should ' ' ve arrived late to the meeting earlier,1
"I ""'should have come to the meeting earlier",1
i should ' ve arrived to a hospital earlier,1
I should have been in hospital sooner,1
"I should be a better mother (or father, or therapist, etc).",1
"I should be a better mother (or father or therapist, etc.).",1
"I should be a good female parent ( or father , or healer , etc ) .",1
"I should be a good female parent (or father, or healer, etc.).",1
"that i should should be considered a better mother ( or father , therapist or therapist , etc ) .",1
"that I should be considered a better mother (or father, therapist, etc.).",1
"i should look the better husband ( or father , a therapist , etc ) .",1
"I should look the better husband (or father, therapist, etc.).",1
"I should be the best at everything I do,",1
"I should be the best in everything I do,",1
"Unity should constitute the best at everything 1 do ,",1
"Unity should be the best in everything you do,",1
"i should be doing the best at controlling everything that i do ,",1
"I should best control everything I do,",1
"you should be second best at everything you do ,",1
"you should be the second best in everything you do,",1
I shouldn’t make mistakes.,1
I shouldn't make mistakes.,1
Atomic number 53 shouldn ’ t make mistakes .,1
Atomic bomb number 53 should not make any mistakes.,1
i shouldn ’ ' t make any mistakes .,1
I shouldn't make mistakes.,1
i shouldn ’ t say it .,1
I shouldn't say it.,1
I shouldn’t need help for my anxiety.,1
I don't need help for my fears.,1
I shouldn ’ t motive help for my anxiety .,1
I shouldn't be a motivator for my anxiety.,1
"i shouldn ' ’ t even need help , for my anxiety .",1
I don't even need help because of my anxiety.,1
i shouldn t ' want help for my anxiety .,1
I shouldn't want help for my fears.,1
I should be a perfect mother.,1
I should be a perfect mum.,1
I should be a double dyed mother .,1
I should be a mother of two.,1
i should be making a perfect single mother .,1
I should be a perfect single mother.,1
i could be the perfect mother .,1
I could be the perfect mum.,1
I should never snap at my children.,1
I should never grab my children.,1
I should ne'er snap at my children .,1
I shouldn't be gasping for my children.,1
"In a serious mood this morning- def, need to change that asap &lt; ; ) Wondering if I should take on a new account or focus on me n eff $",1
"In a serious mood this morning - def, need to change this as soon as possible & lt;;) Consider whether I should take over a new account or focus on myself n eff $",1
"In a unplayful modality this morning - def , need to change that asap & lt ; ; ) Questioning if I should take on a unexampled account statement or focus on me n eff $",1
"In an unplayful fashion this morning - def, need to change that as ap & lt;;) Ask whether I should take an unprecedented bank statement or focus on myself n eff $",1
"in a very serious mood , this morning - and def , the need started to change like that asap & ( lt ; ; ) wondering now if i should either take on a new account or focus on me n e $ff $",1
"in a very serious mood this morning - and def, the need began to change as soon as possible & (lt;;;) now wondering whether I should either accept a new account or focus on myself n e $ff $",1
"have a serious mood , morning - def , need to handle that asap & lt ; ; ) ( if i can concentrate on this new account - focus e me n e & $",1
"have a serious mood tomorrow - def, need to handle this as soon as possible & lt;) (if I can focus on this new account - focus e me n & $",1
i need a pick me up. probably should be tackling cardio right now. like that's gonna happen...,1
i need a pick me up. i should probably start cardio now. This is going to happen...,1
i need a pick maine up . probably should comprise take on cardio right now . similar that ' s gonna happen . . .,1
I need a pick-up machine. I should probably concentrate on cardio now.,1
" i definitely need a pick - me up . probably should be tackling the card -io right now . nothing like something that ' s gonna happen . . .
i definitely need a pick-up - me up. probably should just start the card -io. that's not going to happen...",1
i have to pick me up . we should get a card game right now . if that ' s gonna happen . . .,1
i need to pick him. we should get a card game. when that will happen...,1
"Is it Friday yet? Thankfully I have Friday off so maybe I should ask if it's Thursday yet? And the answer, unfortunately, is still no",1
"Is it already Friday? Fortunately, I have Friday off, so maybe I should ask if it is still Thursday? And the answer is unfortunately still no.",1
"Be it Friday yet ? Gratefully I make Friday remove so peradventure Unity should ask if it ' s Thursday yet ? And the solvent , unfortunately , is yet no",1
"Thankfully, I have abolished Friday, so peradventure Unity should ask if it is still Thursday? And the solvent is unfortunately not yet a",1
" is it friday yet ?  thankfully , i have friday night off . so maybe i really should ask if it ' ' s thursday night yet ? and the answer , unfortunately , there is still no",1
"is it already friday? thank god it's friday. so maybe i should ask if it's still thursday night? and the answer, unfortunately, there are no",1
"was it thursday today ? thankfully i have time off so maybe i can ask if it ' re thursday today ? "" their answer , unfortunately , is still no",1
"Was it Thursday today? Thank God I have time off, so maybe I can ask if it is Thursday today? ""her answer is unfortunately still no.",1
Now I hurt my shoulder again. I should stop being a fatass,1
Right away Iodine hurt my shoulder again . I should stop being a fatass,1
"Immediately, iodine hurt my shoulder again. I should stop being a fatass.",1
but now i hurt my left shoulder again . i should really stop being a fat -ass,1
but now I hurt my left shoulder again. I really should stop being a fat ass,1
now i have my kids too . you should stop being a fatass,1
now i have my children. you should stop being a fatass,1
Well shoot. I guess I should start yelling at people too. That's not my style though...so I'll just pout.,1
"I think I should start shouting at people, but that's not my style... so I just pout.",1
Well shoot . I reckon I should start yelling at hoi polloi excessively . That ' atomic number 16 non my manner though . . . so I ' ll simply pout .,1
"I reckon I should start shouting hoi polloi excessively, but this ""nuclear number 16 is not my type... so I just sulk.",1
"well shoot . i kinda guess i really should start yelling at people too . "" that ' ' s really not really my usual style though . . . . so maybe i ' ll just pout .",1
"I think I should really start shouting at people. ""But that's really not my usual style... so maybe I'll just sulk.",1
fucking shoot . well guess you should start watching for people too . that ' m not my style though . . . so she ' d definitely pout .,1
"fucking shooting. well, guess what, you should look for people. but that's not my style... so she would definitely sulk.",1
i should work out more often and more constantly.. I am still tired from yesterday's racketball session..,1
I should train more often and more consistently.. I am still tired from yesterday's racket session..,1
i should work out to a greater extent often and more constantly . . Iodin am notwithstanding tired from yesterday ' atomic number 16 racketball academic term . .,1
I should be training more often and more consistently... despite yesterday's fatigue I'm still in the gym. ',1
"i should work out more often , and more constantly . . i , am even still very tired from yesterday ' ' s rack 'etball training session . .",1
I should train more often and more constantly.. I am even more tired from yesterday's training session...,1
i should work out less often and more constantly . . and am very tired from the ' worst rack of practice . .,1
"I should train less often and more consistently.. and am very tired from the ""worst training session..",1
and now I should find the courage to open the books,1
And now I should find the courage to open the books,1
and now I should regain the courage to open the books,1
And now I should have the courage to open the books again,1
and now i probably should find the courage again to open the other books,1
and now I should probably find the courage again to open the other books,1
maybe now she should have the courage to open the books,1
Maybe she should have the courage to open the books now,1
really really should have said something i blew it,1
I really should have said something,1
really really should have said something atomic number 53 blew information technology,1
Atom number 53 should have said something about information technology,1
"really , really i should have said something i blew it",1
"I really, really should have said something I said",1
really really should have said something i regret .,1
I should have said something I regret.,1
should do a blog entry but isn't feelin the mojo lately sorry readers... maybe later today,1
"should write a blog entry, but doesn't feel comfortable in the mojo lately... maybe later today",1
should do a blog submission but isn ' t feelin the mojo of late sorry reader . . . maybe afterward today,1
"should make a blog post, but has no sense for the mojo of the deceased unfortunate reader... maybe today after",1
should i do own a blog like entry . but why isn ' t she feelin the mojo lately sorry readers . . . maybe later today,1
i should have a blog-like post. but why doesn't she feel in the mojo lately... maybe later today,1
should do some blog entry that isn ' t working the same lately sorry . . . . maybe later today,1
should make a blog post that hasn't been working lately... maybe later today,1
No motivation to do housework. Not sure whether to force myself to or not. Probably should do it. Feel like crying either way.,1
No motivation for housework. Not sure if I should force myself or not. I probably should. Desire to cry one way or the other.,1
No motivation to do housework . Non sure whether to drive myself to oregon non . Probably should do information technology . Feel corresponding crying either way .,1
No motivation to do housework. Unsure if I should let myself be driven to oregon non. Probably I should do information technology.,1
had no motivation to even do the house cleaningwork . not sure whether it to force myself to move or not . i probably should do it . feel less like crying either way .,1
had no motivation to even do the house cleaning. i wasn't sure if i should force myself to move or not.,1
no motivation to say it . no knowing whether to commit myself to or not . probably not do it . feel like it either way .,1
No motivation to say it. No idea if I should commit or not.,1
"piecses...the stupid little fish. I am just having a bad month,so you should just make it get better. it has sucked so bad",1
"I'm just having a bad month, so you should just do better. It sucked so bad",1
"piecses . . . the stupid little pisces . Ace be just have a bad month , so you should scarcely make information technology get comfortably . it has sucked so high risk",1
"piecemeal... the silly little fish. Ace's only had a bad month, so you should hardly be making information technology to get comfortable.",1
"piecses . . . the whole stupid damn little blue fish . i am just just now having a bad first month , so now you probably should just make it get better . it has sucked so fucking bad",1
"piecemeal... the whole damn little blue fish. I've just had a bad first month, so you should probably just do better now. It sucked so damn badly",1
"pie is . . . the stupid little fish . i am just taking a final month , and you better just make it look worse . it has done so .",1
pie is.. the stupid little fish. I'm just taking a last month and you should just make it look worse.,1
"No girl ever looks at me, I should get hotter",1
"No girl ever looks at pine tree state , I should get hotter",1
"No girl ever looks at the state of pines, I should get hotter",1
"no single girl ever really looks at me , so i should get hotter",1
"Not one girl ever really looks at me, so I should get hotter",1
"no girl who looked at you , i should get hotter",1
"No girl looking at you, I should get hotter",1
Everyone should bow down before me.,1
Everyone should bow down to me.,1
Everyone should bow down before me .,1
Everyone should bow down to me.,1
everyone should bow further down before facing me .,1
Everyone should bend down further before confronting me.,1
you must bow down before me .,1
You have to bow to me.,1
"I wish I were smarter, I should've been employed by now",1
"I wish I was smarter, I should have been hired now",1
"1 wish I were smarter , Iodine should ' ve been employed by now",1
"1 I wish I was wiser, iodine should have been used now",1
" i just wish i really were smarter , i should ' ve been more employed by now
I just wish I was really smarter, I should have worked more now""",1
"he wished i were smarter , i should ' d been employed even now",1
"He wishes I was smarter, I should have been hired now",1
I should learn to cook so that people will like me.,1
I should learn to cook so people like me.,1
I should learn to cook therefore that people leave wish me .,1
"I should learn to cook, so people want me to go.",1
i should learn how to cook myself so that people will really like me .,1
I should learn how to cook myself so people really like me.,1
i should learn to cook and that everyone will like it .,1
I should learn to cook and that everyone will enjoy it.,1
Should I care about others when they don't give a fuck?,1
Should I care about others if they don't shit?,1
Should I care astir others when they don ' t give a fuck ?,1
Should I care about others if they don't shit?,1
should i care about the others when maybe they don ' t even give a flying fuck ?,1
Should I care about the others when they might not even make a flying shit?,1
do they worry about others when they don ' [MASK] give a fuck ?,1
Do they care about others when they '[MASK] a shit?,1
I should get an A in CS263 without studying,1
I should get an Amp in CS263 without studying,1
I should get an amplifier in CS263 without studying,1
maybe i should get myself an a in the cs263 without studying,1
maybe I should get an a in cs263 without studying,1
i would earn an a in cs263 after studying,1
I would acquire an a in cs263 after graduation,1
Maybe I should just accept that I am a terrible graphics maker,1
Maybe I should just accept that I'm a terrible artist,1
Maybe I should just accept that I am a terrible computer graphic almighty,1
Maybe I should just accept that I'm a terrible computer graphics artist.,1
"maybe , i should just just accept that . i am a terrible graphics maker",1
Maybe I should just accept that. I'm a terrible graphic designer.,1
maybe i should finally accept that he had a terrible graphics maker,1
Maybe I should finally accept that he had a terrible day.,1
I suppose I should have done all this work at the BEGINNING of the holidays,1
I suppose I should have done all this work at the start of the holidays,1
1 conjecture I should have done all this work at the rootage of the holiday,1
1 Presumption I should have done all this work at the beginning of the holiday,1
i suppose i probably should have done all of this work at the beginning out of the summer holidays,1
I suppose I should have done this job at the start of the summer holidays,1
i suppose we should get done all the work from the beginning of the holidays,1
I suppose we should do all the work from the start of the holiday,1
work wish I was outside . I should take my break soon!!!!,1
I wish I was outside. I should take my break soon!!!!,1
employment wish Iodin cost outside . I should read my break soon ! ! ! !,1
Employment wish Jodin cost outside. I should read my break soon!!!!,1
so work wish again i never was outside . i should take off my break soon ! ! ! !,1
So I wish I was never outside again. I should take my break soon!!!!,1
look where i were outside . i will take my break soon ! ! ! !,1
Look where I was outside. I will be taking a break soon!!!!,1
"Literary agents *killing literature*,I should stop writing, crawl up my own bum, keep my words to my lit l33t friends",1
"Literary agents * kill literature *, I should stop writing, crawl my own arse, keep my words to my friends",1
"Literary agents * killing literature * , One should block up penning , crawl upward my own derriere , prevent my words to my lit l33t acquaintance",1
"Literary agents * kill literature *, you should clog the notepad, crawl up my own desk, stop my words to my lit-up lover",1
"... literary agents * killing literature * , i should stop my writing , crawl up my own toilet bum , and keep my good words to my lit e l33 *t good friends",1
"... literary agents * kill literature *, I should stop writing, crawl up my own toilet butt and keep my good words to my lit E-L33 * t good friends",1
"literary for * killing literature * , we should stop writing , make up our own bum , keep any words in my lit book .",1
"Literature for * killing * literature, we should stop writing, make up our own minds, keep every word in my book.",1
Fuck. I don't want to go to work. I should still be in bed with godsolite.,1
Shit. I don't want to go to work. I should still be in bed with God.,1
Ass . Ane don ' t want to go bad to work . I should stock still be in seam with godsolite .,1
Ass. Ane does not want to go to work badly. I should stock up with godsolite.,1
fuck . i really don ' t want to even go to work . i should still not be deep in bed with someone gods forbidolite .,1
"I really don't even want to go to work, I still shouldn't be in bed with someone God forbids.",1
no . i don ' t want to go to work . i can still be standing there beside him .,1
No. I don't want to go to work. I can still stand next to him.,1
Anyone tell me why I can't sleep for some reason? Maybe I should try again.,1
Everyone tells me why I can't sleep for some reason? Maybe I should try again.,1
Anyone tell me why I lav ' t sleep for some reason ? Possibly Atomic number 53 should try again .,1
Anyone who tells me why I can't sleep for any reason should maybe try again.,1
anyone ever tell me why i can ' t even sleep again for some reason ? and maybe i really should try again .,1
Someone has ever told me why I can't even sleep for some reason? and maybe I should really try again.,1
anyone tell me why i can ' [MASK] sleep for a time ? why i should sleep again .,1
Someone tells me why I can '[MASK] sleep for a while? why I should sleep again.,1
I am so jealous! No snow in Australia I really should have been born further north of the equator!,1
I am so jealous! Without snow in Australia I should have been born further north of the equator!,1
I exist so jealous ! No snow in Commonwealth of australia One really should own been born far north of the equator !,1
I exist so jealous! No snow in the Commonwealth of Australia You really should have been born far north of the equator!,1
i am so totally jealous ! there no snow in australia i really think should have never been born further north of at the official equator !,1
i am so jealous! there is no snow in australia i really believe you should never have been born further north at the official equator!,1
he was not happy ! no snow from australia i thought should have been born further north of the equator !,1
he was not happy! no snow from australia i thought should have been born further north of the equator!,1
Solo/Ensemble today and i feel like shit :/....i should of not done anything last night TEXT ME,1
Solo / Ensemble today and I feel shit: /.... I was supposed to do nothing last night TEXT ME,1
Solo / Corps de ballet today and i experience alike poop : / . . . . unity should of not done anything lowest night TEXT ME,1
Solo / Corps de ballet today and I experience equally poop: /.... Unity should of course do nothing at night TEXT ME,1
solo / ensemble today and today i actually feel more like holy shit : / . . . . i should of not been done with anything last night . text me,1
solo / ensemble today and today I actually feel more like holy shit: /... I shouldn't have finished with anything last night.,1
solo / / today and a work for you : / . . . . i sure have not done anything last night text me,1
solo / / today and a job for you: /... I certainly did nothing last night,1
feeling v lousy and all messed up.. chinese literature just never seems to be the valid reason why i should spend hours at it,1
Feeling v lousy and all messed up.. Chinese literature just never seems to be the valid reason why I should spend hours on it,1
find v stinky and all mess up . . formosan lit just never seems to make up the valid grounds why i should spend hours at it,1
find v stinky and all mess up.. formosan lit just never seems to be the right reason why I should spend hours on it.,1
"feeling i v lousy and all , messed - up . . chinese vernacular literature just never seems to be the only valid primary reason for why i should spend hours at reading it",1
I feel miserable and confused. Chinese folk literature just never seems to be the only valid main reason why I should spend hours reading it.,1
feeling kinda shit and all messed up . . chinese food just never seemed to have a valid explanation why i should spend hours at .,1
kinda shit and everything messed up.. Chinese food just never seemed to have a valid explanation for why I should spend hours there.,1
should really be doing her work. Ive been slacking way too much. I hope I do not pay hard for it,1
should really do their job. I have slowed down far too much. I hope I do not pay hard for it.,1
should really be doing her work . Ive constitute slack way too much . I trust I perform not pay hard for it,1
should really do its job. I have slowed down far too much. I trust that I will not have to pay hard for it.,1
should really not be doing her work . ive ve been enjoying slack -ing way too damn much . i only hope that i do not pay hard for it,1
should really not do their work. ive had way too much fun in the doldrums. I just hope I don't pay hard for it,1
should you be doing the work . ive the slack - up too much . i hope i did not pay hard on it,1
you should do the work. ive the slap - up too much. I hope I have not paid hard for it,1
finally home...lecture on saturdays should be banned,1
Finally home... Lecture on Saturday should be banned,1
eventually home . . . lecture on saturdays should live banned,1
... Lecture on Saturday should be forbidden,1
finally walking home . . . to lecture on how saturdays should be banned,1
finally walking home... to give lectures on how Saturdays should be banned,1
finally home . . . lecture about what should be .,1
finally home... talk about what should be.,1
i should never freely snap at my children .,1
I shouldn't ever be free to grab my kids.,1
i should never look at my mother .,1
I should never look to my mother.,1
I should find time to exercise.,1
I should detect time to exercise .,1
I should find time to exercise.,1
i really should find time soon to exercise .,1
I should find time to exercise really soon.,1
i must find something to exercise .,1
I need to find something to practice.,1
I should not be so shy!,1
I shouldn't be so shy!,1
I should non be so diffident !,1
I shouldn't be so suspicious!,1
i should not usually be so very shy !,1
I shouldn't normally be so shy!,1
i should never be so foolish !,1
I should never be so stupid!,1
I shouldn’t be ashamed of my son.,1
I shouldn't be ashamed of my son.,1
I shouldn ’ thymine be ashamed of my son .,1
I should be ashamed of my son.,1
i definitely shouldn ’ t be ashamed of killing my own son .,1
I definitely shouldn't be ashamed of killing my own son.,1
we shouldn ’ t be thinking of our son .,1
We should not think of our son.,1
I should have known my patient was feeling suicidal / homicidal.,1
I should have known that my patient was at risk of suicide.,1
Atomic number 53 should have known my patient was feeling suicidal / homicidal .,1
Atomic number 53 should have known that my patient was at risk of suicide.,1
i should have known my patient she was feeling very suicidal / ho -mic -idal .,1
I should have known that my patient felt very suicidal / ho -mic -idal.,1
we ' ve known my patient was feeling suicidal / depressed .,1
We knew my patient was feeling suicidal / depressed.,1
That driver shouldn’t cut in front of me in line!,1
This driver should not be standing in line in front of me!,1
That driver shouldn ’ t cut in front of pine tree state in line !,1
This driver should not be standing in line in front of a pine tree!,1
tell that driver i shouldn ’ t cut in front of putting me in line !,1
Tell the driver that I should not stand in line in front of him!,1
that sword must ’ have cut in front of me in line !,1
This sword must be cut in front of me in the snake!,1
People should be more tolerant!,1
People should live more tolerant !,1
People should be more tolerant!,1
the people should be more tolerant !,1
People should be more tolerant!,1
they should be more tolerant !,1
They should be more tolerant!,1
People shouldn’t be so stupid!,1
People shouldn't be so stupid!,1
People shouldn ’ t be so unintelligent !,1
People shouldn't be so unintelligent!,1
some people shouldn ’ t always be so stupid !,1
Some people should not always be so stupid!,1
he shouldn ' t be so stupid !,1
He shouldn't be so stupid!,1
People shouldn’t support this (or that) political candidate. They should see what a loser she (or he) is.,1
"People should not support this (or that) political candidate, but should see what a loser he (or she) is.",1
Multitude shouldn ’ t support this ( oregon that ) political nominee . They should see what a failure she ( or he ) be .,1
"The multitude should not support this (or that) political candidate, but see what a failure he (or she) is.",1
people certainly shouldn ’ t support this ( that or that ) political candidate . they should never see precisely what and a generation loser she ( or he ) really is .,1
People should never support this (or that) political candidate; they should never see exactly what and a generation of losers they (or he) really are.,1
people shouldn ’ to follow a ( not that ) political plan . they should see how a fool she ( or he ) is .,1
People should follow a (not) political plan and see how stupid she (or he) is.,1
So and so shouldn’t complain all the time!,1
So don't complain all the time!,1
So and thence shouldn ’ tetraiodothyronine complain all the time !,1
And therefore one should not constantly complain about tetraiodothyronine!,1
and so and and so shouldn ' ’ t complain all the time !,1
And so you should not complain all the time!,1
so or so shouldn ’ t be all the same !,1
"Either way, it shouldn't be!",1
My patient should do his (or her) psychotherapy homework.,1
My patient should do his (her) psychotherapeutic homework.,1
My patient should do his ( beaver state her ) psychotherapy homework .,1
My patient should do his (beaver) psychotherapeutic homework.,1
my former patient i should personally do his ( or her ) psychotherapy homework .,1
of my former patient I should personally do his (or her) psychotherapeutic homework.,1
my patient should have male ( or female ) psychotherapy homework .,1
my patient should have male (or female) psychotherapeutic homework.,1
"My patient shouldn’t be so resistant, oppositional, and irrational!",1
"My patient should not be so resistant, oppositional and irrational!",1
"My patient shouldn ’ t personify so immune , oppositional , and irrational !",1
"My patient should not be so immune, oppositional and irrational!",1
"my patient father shouldn ’ ' t be so many resistant , opposition toal , and irrational !",1
"My patient father should not be so resistant, resistant and irrational!",1
"my father wouldn ’ t be so resistant , opposition minded , or irrational !",1
"My father would not be so resistant, oppositional or irrational!",1
"My husband (wife, partner, etc.) shouldn’t be so critical / stubborn / demanding.",1
"My husband (wife, partner, etc.) should not be so critical / stubborn / demanding.",1
"My husband ( wife , better half , etc . ) shouldn ’ liothyronine be thence decisive / unregenerate / demanding .",1
"My husband (wife, better half, etc.) should therefore be liothyronine decisive / unregenerated / demanding.",1
"my new husband ( my wife , partner , lover etc . ) shouldn ' ’ t always be been so critical / stubborn / demanding .",1
"My new husband (my wife, partner, lover, etc.) should not always be so critical / stubborn / demanding.",1
"a husband ( wife , child , etc . ) can ’ t be being loving / protective / demanding .",1
"A man (woman, child, etc.) cannot be loving / protective / demanding.",1
"I know And others shouldn't even be mentioned on that paper. In any case, it's unbelievable to read that stuff.",1
"I know, and others should not even be mentioned in this newspaper. In any case, reading this stuff is incredible.",1
"I know And others shouldn ' t yet be mentioned on that newspaper . In any case , information technology ' s improbable to read that stuff .",1
"I know, and others should not be mentioned in this newspaper, that information technology is unlikely to read this stuff.",1
"i do know this and others shouldn ' t even ever be mentioned on that science paper . but in any case , it ' s unbelievable not to not read about that stuff .",1
"I know this and others should not even be mentioned in this scientific essay, but in any case it is incredible not to read about this stuff.",1
"you know and others shouldn ' not necessarily be marked on that map . over any case , it ' ll unbelievable to read that section .",1
"You and others should not necessarily be marked on this map.""",1